Dataset,Model,Feature,Importance_Mean,Importance_Std
ibm,Random Forest,OverTime,0.0777203011939636,0.0290056022694616
ibm,Random Forest,MonthlyIncome,0.0385451612311866,0.0260208270946903
ibm,Random Forest,YearsWithCurrManager,0.0286688944583681,0.0284017982270675
ibm,Random Forest,TrainingTimesLastYear,0.0224925083729948,0.0216351000314779
ibm,Random Forest,MaritalStatus,0.0147540983606557,0.0232438574002903
ibm,Random Forest,RelationshipSatisfaction,0.0145837005699512,0.0134187513242157
ibm,Random Forest,WorkLifeBalance,0.0141673067076292,0.013134728296868
ibm,Random Forest,PercentSalaryHike,0.0138457018626241,0.014376985292604
ibm,Random Forest,DailyRate,0.0133928571428571,0.0150388448901882
ibm,Random Forest,JobInvolvement,0.0101214608882509,0.032219790730461
ibm,Decision Tree,OverTime,0.1306673649939521,0.0282065925151097
ibm,Decision Tree,MonthlyIncome,0.0671332641554338,0.0226038510941558
ibm,Decision Tree,JobRole,0.049442346932698,0.0148345617164781
ibm,Decision Tree,HourlyRate,0.0280896737094012,0.0113284919803348
ibm,Decision Tree,YearsInCurrentRole,0.0226024442846872,0.01571876311207
ibm,Decision Tree,EnvironmentSatisfaction,0.0215510730849372,0.0194491939811076
ibm,Decision Tree,MaritalStatus,0.0178179532368598,0.0112174484132956
ibm,Decision Tree,Age,0.0169356214916962,0.0201976771226616
ibm,Decision Tree,DistanceFromHome,0.0081954171797232,0.0080256302327916
ibm,Decision Tree,NumCompaniesWorked,0.0027790528698744,0.03640123625193
ibm,Linear SVM,OverTime,0.1319246222486599,0.0254340884668261
ibm,Linear SVM,BusinessTravel,0.0141900368093758,0.0206803584251386
ibm,Linear SVM,NumCompaniesWorked,0.0122168131385978,0.0204681534751113
ibm,Linear SVM,JobSatisfaction,0.0044799356161846,0.0195917492404967
ibm,Linear SVM,StockOptionLevel,0.0041204855862219,0.0132454562473919
ibm,Linear SVM,JobInvolvement,0.003385458710536,0.0111878191047145
ibm,Linear SVM,MonthlyRate,0.0033666255190213,0.0
ibm,Linear SVM,Education,0.0030075187969924,0.0060150375939849
ibm,Linear SVM,HourlyRate,0.0020199753114128,0.0016493029353269
ibm,Linear SVM,YearsSinceLastPromotion,-0.0024793230860301,0.0233352214672033
ibm,MLP,OverTime,0.1239248621368303,0.0180526770918813
ibm,MLP,JobInvolvement,0.0792852295016357,0.0247202209222533
ibm,MLP,JobSatisfaction,0.0696749470167191,0.0433831298089646
ibm,MLP,WorkLifeBalance,0.0602427608743398,0.0112409878818266
ibm,MLP,NumCompaniesWorked,0.0598338598338598,0.0325806284201301
ibm,MLP,TrainingTimesLastYear,0.0432226045922644,0.0179979776684729
ibm,MLP,RelationshipSatisfaction,0.0417674817674817,0.0308750342074129
ibm,MLP,EducationField,0.0373062216319017,0.0263897727979599
ibm,MLP,YearsInCurrentRole,0.0348169945146683,0.0355201363959568
ibm,MLP,TotalWorkingYears,0.0311404746716342,0.020460540946724
job_change,Random Forest,city,0.0916793077806735,0.0071424053800341
job_change,Random Forest,city_development_index,0.0879424692856929,0.0060293830034906
job_change,Random Forest,company_size,0.0851534188112132,0.0078052230073406
job_change,Random Forest,education_level,0.0230712852991872,0.0048346789949224
job_change,Random Forest,relevent_experience,0.0133164231833457,0.0015795813133762
job_change,Random Forest,company_type,0.0110348252047564,0.0042842059100719
job_change,Random Forest,enrolled_university,0.0101303842419541,0.0036255312038706
job_change,Random Forest,experience,0.0073519862075993,0.0013144400033264
job_change,Random Forest,last_new_job,0.005487107907627,0.0024164676695682
job_change,Random Forest,training_hours,0.0033427307254171,0.0016861908763786
job_change,Decision Tree,city_development_index,0.2170755370362119,0.0043514778031573
job_change,Decision Tree,company_size,0.0899429686533167,0.007885074832207
job_change,Decision Tree,education_level,0.0174329417327496,0.0044154354944583
job_change,Decision Tree,city,0.016049155658431,0.0040892467220289
job_change,Decision Tree,company_type,0.007990102736639,0.0017443511806517
job_change,Decision Tree,relevent_experience,0.0067722115180886,0.0020941071095894
job_change,Decision Tree,last_new_job,0.0051891964894611,0.0010067152859647
job_change,Decision Tree,enrolled_university,0.0012362792150278,0.0009225136578969
job_change,Decision Tree,gender,0.0,0.0
job_change,Decision Tree,experience,-0.0014213071470356,0.0006304794305175
job_change,Linear SVM,city_development_index,0.1262939973627574,0.005521713199051
job_change,Linear SVM,city,0.0745059281408945,0.0013053429669582
job_change,Linear SVM,company_size,0.0652241370263521,0.0073728252404011
job_change,Linear SVM,education_level,0.0173404897833499,0.0043887415965516
job_change,Linear SVM,relevent_experience,0.0095433128546828,0.0039108456917596
job_change,Linear SVM,company_type,0.0082345395641527,0.0026183764949943
job_change,Linear SVM,enrolled_university,0.0020721325425634,0.003140027592503
job_change,Linear SVM,training_hours,0.0005147500511404,0.0022569067655645
job_change,Linear SVM,gender,-9.878034173445016e-05,0.0009787296288481
job_change,Linear SVM,major_discipline,-0.0006043051926889,0.0006846911018102
job_change,MLP,city,0.1291205839171956,0.0111343336035889
job_change,MLP,city_development_index,0.1259044113839598,0.0076515294650162
job_change,MLP,company_size,0.0380523815567224,0.0027446090562362
job_change,MLP,enrolled_university,0.0090201633416611,0.0019317767765078
job_change,MLP,relevent_experience,0.0089500781233395,0.0055688186146913
job_change,MLP,education_level,0.0052260008811989,0.0039186520400359
job_change,MLP,experience,0.0024968570255509,0.0039515176422227
job_change,MLP,company_type,0.0022505925244028,0.0019373423546956
job_change,MLP,gender,0.0019700012004324,0.0012885110868394
job_change,MLP,training_hours,-0.0041004602420213,0.0018049724708414
promotion,Random Forest,avg_training_score,0.3026338634171414,0.00268376339017
promotion,Random Forest,department,0.2110072610951459,0.0094868305896679
promotion,Random Forest,KPIs_met >80%,0.0466251287410503,0.0043013092932718
promotion,Random Forest,previous_year_rating,0.0441266518701519,0.0041589597352551
promotion,Random Forest,awards_won?,0.0291757989304321,0.0042724612346426
promotion,Random Forest,recruitment_channel,0.0069984801022895,0.0038961743660083
promotion,Random Forest,gender,0.0019658025691534,0.0021924072608944
promotion,Random Forest,region,0.001861204391609,0.0055997623603747
promotion,Random Forest,no_of_trainings,0.0018311016746832,0.0031160547727625
promotion,Random Forest,education,-0.0031857222908516,0.0038166467067617
promotion,Decision Tree,avg_training_score,0.1690785567853694,0.0014092377609532
promotion,Decision Tree,department,0.1248953995049402,0.0023625882480292
promotion,Decision Tree,KPIs_met >80%,0.1205360157824399,0.0029182810378789
promotion,Decision Tree,previous_year_rating,0.0199777131587714,0.0019738062994414
promotion,Decision Tree,education,0.0020076403669197,0.0006512585832737
promotion,Decision Tree,age,0.0012860448343233,0.0016583085169305
promotion,Decision Tree,awards_won?,0.0011966173824866,0.0004701075809146
promotion,Decision Tree,gender,0.0008134007332256,0.0004421013253833
promotion,Decision Tree,length_of_service,0.0003527869920128,0.0008110957268644
promotion,Decision Tree,recruitment_channel,-1.6214723674101707e-05,0.0002817203176781
promotion,Linear SVM,avg_training_score,0.2087439899431971,0.0039012084132209
promotion,Linear SVM,department,0.1378384313647215,0.0042543042213902
promotion,Linear SVM,KPIs_met >80%,0.1066892549574779,0.0043518106353337
promotion,Linear SVM,region,0.0072394402804404,0.0031862004372027
promotion,Linear SVM,awards_won?,0.00585021665221,0.0004830787816079
promotion,Linear SVM,length_of_service,0.0051672914415909,0.0014101495312325
promotion,Linear SVM,education,0.0018720537561372,0.0010901199681286
promotion,Linear SVM,previous_year_rating,0.0008083152614759,0.00131841109395
promotion,Linear SVM,no_of_trainings,0.0006497785008336,0.001261456816813
promotion,Linear SVM,age,0.0003433393077328,0.0009855708004269
promotion,MLP,avg_training_score,0.3854182415316888,0.0048277440289162
promotion,MLP,department,0.2890516263700678,0.006287912069015
promotion,MLP,awards_won?,0.0121226288100723,0.0019013726907803
promotion,MLP,previous_year_rating,0.0073519150672701,0.0043675208385658
promotion,MLP,KPIs_met >80%,0.0072816359984681,0.0038119225947734
promotion,MLP,no_of_trainings,0.0003140654445243,0.0010434009490619
promotion,MLP,length_of_service,0.000259754408991,0.0021354571491097
promotion,MLP,age,0.000160099878922,0.0007345835898101
promotion,MLP,gender,-0.0001559710325182,0.0012634429234677
promotion,MLP,education,-0.0003153318659601,0.0015673077672838
