Timestamp,Gender,Age,Educational level,Position Level in Organization,Years of Service,GRS1,GRS2,GRS3,GRS4,GTD1,GTD2,GDT3,GTD4,GTD5,GPA1,GPA2,GPA3,GPA4,GPA5,GPA6,GCM1,GCM2,GCM3,GCM4,FEP1,FEP5,FEP7,FEP9,GEE1,GEE4,GEE5,GEE6
2023/04/18 11:50:24 pm GMT+8,Female,31- 40years,High School Certificate,General Worker,1-3years,2,2,2,4,2,3,1,4,3,3,4,2,2,4,2,3,3,2,1,3,4,4,2,1,2,4,4
2023/04/18 11:56:01 pm GMT+8,Male,41- 50years,Diploma,Top Level Manager,1-3years,3,3,3,4,2,3,3,4,2,4,2,4,2,3,4,2,2,3,5,3,3,4,4,4,2,3,2
2023/04/19 9:36:38 am GMT+8,Male,31- 40years,Ph.D.,Middle Manager,1-3years,3,4,4,2,2,3,2,2,3,4,3,3,3,3,2,2,3,3,3,1,3,4,3,3,3,2,3
2023/04/19 10:59:01 am GMT+8,Male,31- 40years,Master's Degree,Top Level Manager,1-3years,4,4,4,4,4,3,5,5,3,3,4,5,4,5,4,3,3,4,5,2,5,2,5,4,5,5,4
2023/04/19 12:43:46 pm GMT+8,Female,20- 30years,Bachelor Degree,Middle Manager,1-3years,4,4,3,3,5,4,2,5,4,3,2,2,2,4,4,4,4,3,2,4,4,4,4,2,2,2,2
2023/04/19 1:43:00 pm GMT+8,Male,20- 30years,Bachelor Degree,Supervisor,1-3years,5,5,5,3,4,4,4,4,4,4,3,4,3,4,4,4,4,4,4,2,4,2,4,4,4,4,4
2023/04/19 2:12:55 pm GMT+8,Male,31- 40years,Master's Degree,Supervisor,1-3years,5,5,5,5,4,4,5,4,4,5,5,5,4,5,4,5,4,4,4,5,4,5,5,4,3,4,4
2023/04/19 4:15:53 pm GMT+8,Female,20- 30years,Diploma,General Worker,1-3years,5,4,4,5,4,4,4,4,5,5,5,4,4,4,4,4,5,4,4,2,4,5,4,4,4,4,4
2023/04/19 4:29:47 pm GMT+8,Male,20- 30years,Bachelor Degree,Supervisor,1-3years,4,3,4,4,4,3,4,4,4,5,4,5,4,3,3,4,4,4,3,4,4,3,4,4,3,4,4
2023/04/19 4:55:42 pm GMT+8,Male,20- 30years,Bachelor Degree,General Worker,3-5yaers,4,4,5,4,3,4,4,3,4,5,4,4,2,4,3,3,3,4,4,4,5,2,4,4,4,4,4
2023/04/19 5:25:17 pm GMT+8,Male,31- 40years,Bachelor Degree,Top Level Manager,More than 5years,1,1,1,2,1,3,2,3,2,1,2,1,3,1,1,1,2,1,3,4,2,2,1,3,1,1,3
2023/04/19 5:33:29 pm GMT+8,Male,31- 40years,Diploma,Middle Manager,1-3years,3,2,2,3,2,2,3,2,3,5,5,3,2,4,3,4,4,4,3,2,4,1,4,5,3,3,5
2023/04/19 5:54:17 pm GMT+8,Female,31- 40years,High School Certificate,Top Level Manager,More than 5years,3,4,3,3,4,2,4,4,4,4,4,4,4,4,4,3,4,4,4,4,3,5,4,4,4,4,4
2023/04/19 6:01:27 pm GMT+8,Female,20- 30years,Bachelor Degree,Supervisor,Less than a year,5,5,4,4,5,5,4,4,4,5,4,4,4,4,4,4,5,4,5,4,5,3,5,4,5,5,5
2023/04/19 6:04:33 pm GMT+8,Female,20- 30years,Ph.D.,Middle Manager,Less than a year,3,3,2,2,2,3,3,2,3,3,4,4,4,4,5,3,4,3,3,4,2,3,3,3,2,2,2
2023/04/19 6:18:24 pm GMT+8,Male,31- 40years,Master's Degree,Top Level Manager,3-5yaers,3,2,2,2,3,4,2,3,4,4,4,2,2,2,3,4,4,3,2,4,2,4,3,2,4,3,4
2023/04/19 6:31:00 pm GMT+8,Female,41- 50years,Diploma,General Worker,More than 5years,2,2,3,3,4,4,4,1,4,2,4,4,2,2,2,3,2,4,3,2,4,4,2,3,3,3,2
2023/04/19 6:34:02 pm GMT+8,Male,41- 50years,High School Certificate,Supervisor,More than 5years,4,4,3,4,4,4,4,4,4,4,4,3,4,4,4,4,4,4,5,5,4,4,4,4,3,4,4
2023/04/19 6:36:30 pm GMT+8,Male,31- 40years,Diploma,General Worker,More than 5years,3,3,3,4,4,4,5,5,5,4,2,4,4,5,5,5,5,5,2,3,5,3,5,4,5,3,5
2023/04/19 6:39:22 pm GMT+8,Male,20- 30years,High School Certificate,General Worker,1-3years,5,5,5,5,5,5,5,5,5,5,5,5,5,5,5,5,5,5,5,2,5,3,5,5,5,5,5
2023/04/19 6:39:50 pm GMT+8,Male,20- 30years,Bachelor Degree,Top Level Manager,1-3years,3,2,3,1,3,4,2,3,3,2,2,4,2,2,2,4,1,2,3,5,2,1,1,4,2,3,3
2023/04/19 6:40:55 pm GMT+8,Female,20- 30years,High School Certificate,General Worker,1-3years,2,2,2,2,2,2,2,2,3,3,4,1,2,2,2,2,1,1,5,5,1,5,1,5,2,3,3
2023/04/19 6:42:45 pm GMT+8,Male,20- 30years,Diploma,General Worker,1-3years,4,5,3,4,3,3,4,4,3,4,3,5,4,4,3,3,4,3,3,1,3,3,3,3,5,4,4
2023/04/19 6:48:37 pm GMT+8,Male,20- 30years,Certificate,Supervisor,3-5yaers,1,1,1,1,1,1,1,2,2,1,1,1,1,1,1,1,1,1,1,1,1,2,1,1,1,2,1
2023/04/19 6:48:43 pm GMT+8,Male,20- 30years,Diploma,General Worker,3-5yaers,5,4,5,5,5,4,4,4,5,4,5,5,5,5,5,5,4,5,4,2,5,2,5,4,5,5,5
2023/04/19 6:51:27 pm GMT+8,Female,20- 30years,Bachelor Degree,General Worker,1-3years,4,4,5,4,4,3,4,3,4,4,5,3,3,4,4,5,5,3,2,2,4,2,4,4,4,5,4
2023/04/19 6:53:48 pm GMT+8,Male,20- 30years,Bachelor Degree,General Worker,1-3years,5,3,3,5,3,4,4,5,5,5,5,2,4,4,4,4,3,3,3,1,5,4,4,3,5,5,4
2023/04/19 6:57:25 pm GMT+8,Female,31- 40years,Bachelor Degree,Middle Manager,3-5yaers,2,3,2,3,3,3,3,1,3,3,3,3,3,3,3,3,3,3,3,5,3,2,3,3,3,3,3
2023/04/19 6:59:04 pm GMT+8,Female,31- 40years,Bachelor Degree,Middle Manager,1-3years,4,4,4,4,4,1,4,4,4,4,4,4,3,3,3,3,3,3,3,5,3,4,3,3,1,3,1
2023/04/19 6:59:23 pm GMT+8,Male,31- 40years,Bachelor Degree,Middle Manager,More than 5years,1,1,2,1,2,3,1,1,2,1,3,2,2,1,1,3,2,3,3,5,3,4,2,2,2,4,3
2023/04/19 7:00:44 pm GMT+8,Female,31- 40years,Diploma,General Worker,3-5yaers,2,3,3,3,2,2,1,1,2,3,3,3,2,1,2,2,2,3,2,5,2,5,2,2,1,1,1
2023/04/19 7:02:59 pm GMT+8,Female,20- 30years,Bachelor Degree,General Worker,1-3years,3,2,3,3,4,4,3,3,3,3,3,3,3,3,3,3,3,3,3,3,4,3,4,4,4,4,4
2023/04/19 7:16:13 pm GMT+8,Male,20- 30years,Diploma,Middle Manager,1-3years,5,4,4,4,4,5,4,4,4,4,5,4,4,4,4,4,5,4,4,3,4,1,4,5,4,4,4
2023/04/19 7:28:21 pm GMT+8,Male,20- 30years,Diploma,Top Level Manager,1-3years,5,4,4,3,5,5,4,3,5,4,2,1,3,4,3,4,4,4,4,4,4,4,5,4,3,4,4
2023/04/19 7:37:39 pm GMT+8,Female,31- 40years,Diploma,Middle Manager,Less than a year,4,4,4,4,4,3,4,4,4,4,4,4,4,4,3,3,4,4,4,3,4,4,4,4,3,1,1
2023/04/19 7:38:24 pm GMT+8,Male,20- 30years,Diploma,Supervisor,1-3years,5,4,3,3,4,3,4,2,4,5,3,2,5,1,3,4,3,3,2,4,4,4,4,3,2,4,2
2023/04/19 7:38:25 pm GMT+8,Male,31- 40years,Bachelor Degree,Supervisor,3-5yaers,3,4,4,4,4,4,4,4,4,2,4,2,3,2,2,2,4,2,2,4,3,4,3,4,2,2,2
2023/04/19 7:39:06 pm GMT+8,Male,31- 40years,Bachelor Degree,General Worker,More than 5years,1,1,1,1,1,2,1,1,2,1,1,1,3,1,1,1,2,1,1,1,1,4,3,3,1,3,1
2023/04/19 7:40:12 pm GMT+8,Female,20- 30years,Bachelor Degree,Supervisor,1-3years,4,4,4,4,4,4,4,4,4,4,4,4,4,4,4,4,4,4,4,4,4,5,4,5,4,4,5
2023/04/19 8:17:25 pm GMT+8,Male,20- 30years,Bachelor Degree,General Worker,3-5yaers,4,4,4,4,5,4,5,5,4,4,4,3,4,4,4,3,4,3,3,5,4,5,4,4,4,3,3
2023/04/19 8:20:23 pm GMT+8,Male,20- 30years,Bachelor Degree,Top Level Manager,1-3years,2,2,2,1,1,2,1,1,1,1,2,2,2,1,1,1,2,2,2,4,2,4,1,1,2,2,2
2023/04/19 8:20:50 pm GMT+8,Male,31- 40years,Bachelor Degree,Middle Manager,1-3years,4,4,3,4,4,4,3,2,3,4,3,3,3,2,1,3,1,3,2,3,5,4,4,4,1,2,3
2023/04/19 8:42:39 pm GMT+8,Male,31- 40years,Bachelor Degree,Top Level Manager,1-3years,1,2,1,1,1,1,1,1,1,1,1,1,2,1,1,1,1,2,2,5,1,5,1,1,1,1,1
2023/04/19 8:51:53 pm GMT+8,Male,20- 30years,Master's Degree,Supervisor,Less than a year,3,2,2,1,3,1,4,3,3,4,1,2,4,1,2,2,1,1,3,4,4,4,4,2,2,1,2
2023/04/19 9:04:14 pm GMT+8,Female,20- 30years,Master's Degree,Middle Manager,1-3years,4,4,4,4,4,4,4,4,4,4,4,4,4,4,4,4,4,4,3,2,4,2,4,4,2,2,4
2023/04/19 9:27:34 pm GMT+8,Male,31- 40years,Bachelor Degree,Top Level Manager,1-3years,4,4,4,4,4,5,4,4,4,3,4,4,3,4,4,4,4,4,3,2,3,5,4,4,5,4,4
2023/04/19 9:32:30 pm GMT+8,Male,31- 40years,Bachelor Degree,General Worker,1-3years,5,4,4,4,4,4,3,4,4,4,4,5,4,4,4,3,3,3,3,2,4,4,4,4,3,4,4
2023/04/19 9:58:17 pm GMT+8,Female,41- 50years,Bachelor Degree,Supervisor,More than 5years,4,5,4,4,3,4,3,4,3,4,2,2,2,4,5,3,4,4,2,3,5,3,5,4,4,4,4
2023/04/19 10:15:31 pm GMT+8,Male,20- 30years,Diploma,General Worker,1-3years,4,3,4,3,4,4,1,4,3,4,4,4,4,4,4,3,3,4,2,4,3,2,4,5,4,4,4
2023/04/19 10:56:15 pm GMT+8,Male,20- 30years,Diploma,General Worker,3-5yaers,3,4,4,3,3,3,2,2,3,3,4,3,3,3,3,3,3,2,4,4,2,4,3,4,3,3,3
2023/04/19 10:57:38 pm GMT+8,Male,51-60years,Bachelor Degree,Top Level Manager,More than 5years,3,4,4,3,4,3,4,4,4,4,3,4,3,3,3,4,3,4,4,3,4,4,4,4,4,4,3
2023/04/19 11:04:33 pm GMT+8,Male,20- 30years,Diploma,General Worker,3-5yaers,2,4,1,2,4,2,2,1,2,3,4,1,1,1,2,4,4,1,2,5,4,4,5,4,1,2,2
2023/04/19 11:51:11 pm GMT+8,Male,20- 30years,Bachelor Degree,General Worker,Less than a year,5,4,5,5,4,4,5,5,5,5,4,5,5,5,5,5,5,5,5,2,5,4,5,5,5,5,5
2023/04/20 12:14:12 am GMT+8,Male,31- 40years,Bachelor Degree,Supervisor,3-5yaers,4,4,4,3,4,3,2,3,3,4,4,3,3,3,3,4,4,4,3,4,4,4,4,4,4,4,3
2023/04/20 12:58:10 am GMT+8,Female,20- 30years,Master's Degree,General Worker,3-5yaers,4,4,5,4,4,4,4,4,4,4,5,4,4,4,4,4,4,4,3,4,4,4,4,4,4,4,4
2023/04/20 1:24:30 am GMT+8,Male,31- 40years,Master's Degree,General Worker,More than 5years,4,3,3,3,2,4,4,3,3,3,3,2,3,3,3,4,3,3,3,5,2,4,3,3,3,3,3
2023/04/20 1:25:05 am GMT+8,Female,31- 40years,Bachelor Degree,General Worker,3-5yaers,4,4,4,1,3,4,4,3,5,4,2,3,3,4,5,5,2,3,3,5,5,5,2,2,5,5,5
2023/04/20 1:29:28 am GMT+8,Male,20- 30years,Bachelor Degree,Middle Manager,1-3years,1,2,1,3,1,2,2,2,5,1,1,1,1,1,2,2,5,2,5,3,1,4,4,1,1,1,1
2023/04/20 1:37:55 am GMT+8,Female,31- 40years,Bachelor Degree,Middle Manager,3-5yaers,4,4,3,4,3,4,4,4,3,4,4,3,4,4,3,4,4,5,4,2,4,2,4,4,4,5,4
2023/04/20 1:57:58 am GMT+8,Female,20- 30years,Bachelor Degree,Middle Manager,Less than a year,3,3,4,3,4,4,4,4,4,4,4,4,4,4,4,4,4,5,2,3,5,3,4,4,5,4,4
2023/04/20 2:11:10 am GMT+8,Male,20- 30years,Diploma,General Worker,1-3years,5,4,4,4,3,4,4,4,4,4,4,4,4,4,4,4,4,4,4,4,3,4,3,3,3,3,3
2023/04/20 2:39:56 am GMT+8,Male,31- 40years,Diploma,General Worker,3-5yaers,4,4,4,4,4,3,4,4,4,4,4,4,4,4,4,4,4,4,4,3,4,3,4,4,4,4,4
2023/04/20 3:11:14 am GMT+8,Male,31- 40years,Bachelor Degree,Middle Manager,3-5yaers,2,4,3,3,3,3,2,3,2,2,4,4,2,2,2,3,2,2,1,3,4,3,4,4,1,1,2
2023/04/20 3:15:16 am GMT+8,Male,31- 40years,Post High School Certificate,General Worker,More than 5years,5,5,5,5,5,5,5,5,5,5,5,5,5,5,5,5,5,5,5,4,5,2,5,5,5,5,5
2023/04/20 3:16:12 am GMT+8,Female,51-60years,Diploma,General Worker,3-5yaers,1,2,4,3,1,5,3,4,1,4,3,3,1,4,5,3,3,3,4,2,5,4,3,5,3,2,2
2023/04/20 5:09:29 am GMT+8,Female,51-60years,Bachelor Degree,Middle Manager,Less than a year,2,5,1,1,3,4,2,1,2,2,1,5,3,1,4,1,4,5,1,2,5,3,3,1,4,2,1
2023/04/20 5:13:09 am GMT+8,Female,20- 30years,Master's Degree,Top Level Manager,Less than a year,1,3,4,3,5,2,5,2,3,5,1,3,3,1,2,5,5,1,3,3,5,3,1,5,1,1,3
2023/04/20 5:15:16 am GMT+8,Female,31- 40years,Ph.D.,Middle Manager,3-5yaers,5,1,5,2,1,2,5,3,3,2,5,5,3,5,1,2,4,5,3,4,2,4,5,2,4,3,4
2023/04/20 5:17:57 am GMT+8,Female,41- 50years,Diploma,Supervisor,Less than a year,1,4,1,3,2,3,1,5,3,4,3,3,3,4,5,1,4,3,2,4,2,2,3,5,2,1,4
2023/04/20 5:20:37 am GMT+8,Female,20- 30years,Post High School Certificate,Supervisor,3-5yaers,1,2,3,4,5,2,1,5,3,2,1,1,2,3,5,3,1,3,4,4,2,3,1,4,2,4,3
2023/04/20 5:22:56 am GMT+8,Female,31- 40years,High School Certificate,General Worker,1-3years,1,2,3,2,5,3,2,4,5,1,4,5,2,1,4,2,3,3,1,1,4,5,1,1,4,4,3
2023/04/20 5:25:49 am GMT+8,Female,20- 30years,High School Certificate,Supervisor,3-5yaers,4,2,1,5,3,4,2,1,5,2,1,3,4,1,3,1,5,2,2,3,2,4,1,1,1,2,5
2023/04/20 5:28:09 am GMT+8,Female,41- 50years,Bachelor Degree,General Worker,More than 5years,3,1,1,2,4,2,1,3,5,2,4,5,4,2,2,3,2,1,2,3,5,3,5,2,3,2,1
2023/04/20 5:31:45 am GMT+8,Female,20- 30years,Bachelor Degree,Top Level Manager,Less than a year,4,2,3,4,5,1,5,2,3,4,5,1,5,2,4,3,2,5,2,5,2,4,3,2,4,5,4
2023/04/20 5:59:51 am GMT+8,Male,20- 30years,Post High School Certificate,Middle Manager,1-3years,5,4,5,4,4,5,5,4,4,4,5,4,4,4,5,4,4,4,4,4,4,4,4,4,3,4,4
2023/04/20 6:00:06 am GMT+8,Female,31- 40years,Bachelor Degree,Top Level Manager,More than 5years,4,4,4,4,4,4,5,4,4,4,4,4,4,4,4,4,4,4,4,5,4,4,4,4,4,4,5
2023/04/20 7:56:47 am GMT+8,Male,31- 40years,Bachelor Degree,Supervisor,3-5yaers,4,4,5,5,4,5,5,3,5,4,5,5,4,4,4,3,3,4,4,3,4,4,4,4,3,4,4
2023/04/20 8:26:55 am GMT+8,Male,31- 40years,Bachelor Degree,Middle Manager,3-5yaers,5,3,3,3,3,3,3,3,3,3,3,3,3,3,3,3,3,3,3,2,3,3,3,3,3,3,3
2023/04/20 9:15:03 am GMT+8,Female,20- 30years,Bachelor Degree,Top Level Manager,Less than a year,1,2,1,3,3,4,3,1,1,1,1,1,1,1,1,1,1,1,1,4,1,3,1,1,2,1,1
2023/04/20 10:14:38 am GMT+8,Female,20- 30years,Diploma,General Worker,1-3years,4,5,4,5,5,4,4,5,5,4,4,5,4,4,5,5,5,4,4,2,4,2,4,5,5,4,4
2023/04/20 10:25:35 am GMT+8,Male,20- 30years,Bachelor Degree,Supervisor,3-5yaers,5,4,3,4,4,3,3,3,3,3,3,3,4,3,3,3,4,3,3,3,4,3,4,4,3,3,3
2023/04/20 11:29:26 am GMT+8,Male,41- 50years,Post High School Certificate,General Worker,More than 5years,4,5,5,5,5,5,4,4,4,4,4,4,4,4,4,4,4,4,3,4,5,4,5,4,4,4,4
2023/04/20 12:54:44 pm GMT+8,Female,41- 50years,Post High School Certificate,General Worker,3-5yaers,2,4,3,5,2,1,4,5,1,2,3,4,5,1,2,3,2,1,5,2,2,4,3,5,1,4,3
2023/04/20 12:56:42 pm GMT+8,Female,51-60years,High School Certificate,Top Level Manager,More than 5years,1,2,3,4,5,5,1,2,3,4,5,4,3,2,1,5,2,1,3,4,2,5,1,1,4,2,3
2023/04/20 12:58:21 pm GMT+8,Female,41- 50years,Master's Degree,General Worker,Less than a year,4,1,4,3,5,1,4,4,3,3,5,5,5,5,4,4,1,3,5,3,3,4,2,3,4,2,1
2023/04/20 1:39:01 pm GMT+8,Female,31- 40years,Master's Degree,General Worker,3-5yaers,5,5,5,5,4,5,5,4,5,5,5,5,5,5,5,5,5,5,5,1,5,5,5,5,5,5,5
2023/04/20 3:05:03 pm GMT+8,Male,31- 40years,Bachelor Degree,Supervisor,More than 5years,4,3,3,4,4,4,4,3,3,4,4,3,4,3,4,3,4,3,4,4,4,4,3,3,4,4,4
2023/04/20 4:40:00 pm GMT+8,Female,20- 30years,Bachelor Degree,General Worker,1-3years,3,2,2,2,2,2,3,2,2,3,2,2,2,2,2,3,3,4,4,2,4,2,4,3,2,2,4
2023/04/20 4:59:23 pm GMT+8,Male,41- 50years,Bachelor Degree,General Worker,More than 5years,4,5,5,3,5,5,5,5,5,5,5,5,5,5,5,5,5,5,5,4,5,5,5,5,5,5,5
2023/04/20 5:01:18 pm GMT+8,Male,41- 50years,Master's Degree,General Worker,More than 5years,5,4,4,3,4,4,4,4,4,4,4,4,4,4,4,4,4,4,4,5,4,4,4,4,4,4,4
2023/04/20 5:03:31 pm GMT+8,Female,20- 30years,Diploma,Middle Manager,1-3years,2,3,2,2,4,2,2,3,2,3,2,2,2,2,2,2,2,2,2,4,2,5,2,2,2,3,3
2023/04/20 5:05:22 pm GMT+8,Male,20- 30years,Bachelor Degree,Middle Manager,1-3years,1,2,3,4,5,1,2,3,3,4,5,1,2,3,4,5,1,2,3,4,3,5,4,2,5,1,2
2023/04/20 6:22:08 pm GMT+8,Female,20- 30years,Diploma,Middle Manager,Less than a year,3,2,2,2,3,2,2,2,4,4,4,4,4,4,4,4,4,4,4,4,4,5,4,4,4,4,4
2023/04/20 6:26:45 pm GMT+8,Female,20- 30years,Bachelor Degree,General Worker,Less than a year,4,3,4,4,3,4,3,3,4,4,4,4,4,3,4,4,4,4,3,4,4,3,3,3,3,4,4
2023/04/20 9:39:48 pm GMT+8,Female,20- 30years,Bachelor Degree,General Worker,1-3years,5,5,5,4,4,4,4,4,2,4,4,4,4,4,4,2,2,4,4,3,4,5,4,4,4,4,2
2023/04/20 9:54:30 pm GMT+8,Male,31- 40years,Bachelor Degree,General Worker,1-3years,3,4,4,4,4,3,4,4,5,3,3,4,4,4,4,4,4,4,5,3,4,2,3,4,3,5,3
2023/04/20 9:56:17 pm GMT+8,Male,20- 30years,Diploma,Middle Manager,1-3years,4,5,2,3,3,2,3,4,3,4,3,3,4,4,4,3,4,3,4,3,2,3,3,4,5,3,4
2023/04/20 9:58:04 pm GMT+8,Male,51-60years,Bachelor Degree,Middle Manager,More than 5years,4,3,3,3,1,4,5,3,3,4,4,4,3,3,4,4,5,4,4,4,4,4,2,4,4,3,3
2023/04/20 10:00:09 pm GMT+8,Male,41- 50years,Bachelor Degree,Middle Manager,Less than a year,2,4,4,2,2,1,2,3,3,4,3,4,2,4,2,4,4,4,4,4,3,3,4,3,3,2,4
2023/04/20 10:02:40 pm GMT+8,Male,31- 40years,High School Certificate,General Worker,1-3years,4,4,4,3,5,4,4,4,4,3,3,4,2,3,3,3,4,3,4,3,4,5,4,3,3,4,2
2023/04/20 10:07:11 pm GMT+8,Male,20- 30years,Diploma,General Worker,3-5yaers,4,5,3,4,4,3,4,4,1,2,4,4,5,3,3,3,4,4,3,1,4,4,3,3,3,2,3
2023/04/20 10:09:52 pm GMT+8,Male,41- 50years,Bachelor Degree,Middle Manager,3-5yaers,3,4,5,5,5,5,5,5,5,5,4,4,3,4,4,4,5,3,4,2,5,4,3,3,4,4,3
2023/04/20 10:54:37 pm GMT+8,Male,31- 40years,Diploma,General Worker,1-3years,5,4,5,5,5,5,5,5,5,5,5,5,5,5,5,5,5,5,5,5,5,4,5,5,5,5,5
2023/04/20 10:57:35 pm GMT+8,Male,31- 40years,Bachelor Degree,General Worker,More than 5years,4,4,3,4,4,4,3,3,4,3,3,4,4,4,5,2,4,4,4,4,4,2,4,4,4,4,4
2023/04/20 10:59:54 pm GMT+8,Female,31- 40years,Bachelor Degree,Middle Manager,1-3years,2,2,2,2,2,2,2,2,2,2,2,2,2,2,2,2,2,2,2,5,2,4,2,2,2,2,2
2023/04/20 11:02:11 pm GMT+8,Female,20- 30years,Diploma,Top Level Manager,More than 5years,3,3,3,3,3,3,3,3,3,3,3,3,3,4,3,3,3,3,3,5,3,4,3,3,3,3,3
2023/04/20 11:04:09 pm GMT+8,Male,31- 40years,Diploma,Middle Manager,More than 5years,4,4,4,4,4,4,4,4,4,4,4,4,4,4,4,4,4,4,4,4,4,4,4,4,4,4,4
2023/04/20 11:06:12 pm GMT+8,Male,20- 30years,Bachelor Degree,Supervisor,3-5yaers,4,3,4,1,3,2,3,2,3,4,3,3,2,2,3,3,3,3,2,2,3,5,3,3,3,3,2
2023/04/20 11:09:37 pm GMT+8,Female,31- 40years,High School Certificate,Supervisor,Less than a year,3,3,2,2,3,2,3,4,2,3,3,3,4,3,3,4,3,4,3,3,4,4,2,3,4,4,3
2023/04/20 11:19:32 pm GMT+8,Female,41- 50years,Bachelor Degree,General Worker,More than 5years,3,2,3,4,4,4,4,4,3,4,2,2,4,4,3,4,3,3,3,4,2,4,4,4,4,2,4
2023/04/21 1:37:32 pm GMT+8,Male,30- 39years,Diploma,Supervisor,1-3years,3,2,3,4,4,2,4,2,4,2,3,2,2,3,3,5,1,1,2,3,2,4,3,3,3,4,2
2023/04/21 4:40:46 pm GMT+8,Male,30- 39years,Bachelor Degree,General Worker,1-3years,4,1,3,3,3,2,2,5,3,3,3,1,5,3,1,2,1,5,3,2,5,3,1,2,3,2,3
2023/04/21 4:50:56 pm GMT+8,Female,20- 29years,Bachelor Degree,Top Level Manager,More than 5years,4,4,4,4,4,4,4,4,5,3,4,4,4,4,4,4,3,3,4,3,3,3,4,3,4,3,3
2023/04/21 4:53:18 pm GMT+8,Female,50-59years,Ph.D.,Middle Manager,More than 5years,3,4,3,4,3,4,3,3,4,3,4,4,4,4,5,4,4,5,4,4,3,4,4,3,3,3,4
2023/04/21 4:55:13 pm GMT+8,Male,40- 49years,Master's Degree,Supervisor,More than 5years,3,4,4,4,3,3,5,4,4,4,3,4,4,3,4,3,3,4,4,4,3,2,5,2,2,4,4
2023/04/21 4:55:29 pm GMT+8,Female,50-59years,Master's Degree,Supervisor,3-5yaers,2,4,2,4,3,4,4,4,4,4,4,4,3,4,4,5,5,4,3,4,4,3,4,4,3,4,5
2023/04/21 4:56:40 pm GMT+8,Male,20- 29years,High School Certificate,General Worker,1-3years,4,5,4,3,2,4,3,3,2,3,2,5,5,1,4,4,2,5,5,1,1,5,3,1,4,4,2
2023/04/21 4:59:04 pm GMT+8,Female,50-59years,Ph.D.,Supervisor,3-5yaers,4,4,2,4,4,4,3,4,4,4,3,4,5,4,4,5,5,4,4,3,4,4,5,4,3,5,4
2023/04/21 5:00:48 pm GMT+8,Male,30- 39years,Bachelor Degree,General Worker,3-5yaers,2,2,3,3,2,3,3,4,4,5,2,5,3,4,3,3,3,5,3,3,2,3,3,1,4,3,4
2023/04/21 5:01:19 pm GMT+8,Female,40- 49years,Diploma,Top Level Manager,3-5yaers,3,5,3,4,2,5,1,5,4,5,5,4,4,5,4,4,3,5,4,5,4,4,5,5,3,4,5
2023/04/21 5:03:26 pm GMT+8,Female,30- 39years,Ph.D.,Middle Manager,3-5yaers,3,3,4,4,4,5,4,4,5,5,4,3,3,2,4,4,4,5,3,4,4,4,3,5,3,4,4
2023/04/21 5:05:40 pm GMT+8,Female,50-59years,Ph.D.,Top Level Manager,3-5yaers,3,4,3,4,4,4,3,2,4,3,5,4,5,4,5,4,5,4,4,5,4,4,4,4,5,3,1
2023/04/21 5:09:05 pm GMT+8,Female,30- 39years,Master's Degree,Supervisor,3-5yaers,2,5,4,3,4,3,3,4,4,4,4,4,3,2,4,4,3,2,4,3,2,4,4,4,2,3,4
2023/04/21 5:11:12 pm GMT+8,Female,40- 49years,Master's Degree,Middle Manager,3-5yaers,4,3,4,4,4,5,3,4,4,5,4,3,3,4,4,5,3,4,5,2,5,3,4,4,4,5,3
2023/04/21 5:13:54 pm GMT+8,Female,40- 49years,Bachelor Degree,Top Level Manager,More than 5years,3,4,3,3,4,4,2,4,3,4,4,3,4,5,4,4,5,4,3,4,3,3,5,4,4,4,4
2023/04/21 5:29:59 pm GMT+8,Female,30- 39years,Bachelor Degree,General Worker,3-5yaers,2,2,2,2,2,2,2,2,2,2,2,2,2,2,2,2,2,2,2,2,2,2,2,2,2,2,2
2023/04/21 5:33:13 pm GMT+8,Female,40- 49years,Bachelor Degree,Supervisor,3-5yaers,3,3,2,3,2,3,3,4,2,3,2,2,2,3,3,4,3,4,2,3,3,3,4,2,4,4,3
2023/04/21 5:44:34 pm GMT+8,Male,30- 39years,Post High School Certificate,General Worker,1-3years,4,4,5,1,3,3,4,4,4,4,4,3,3,4,5,3,4,4,4,4,4,4,4,4,4,5,2
2023/04/21 5:55:56 pm GMT+8,Male,30- 39years,Bachelor Degree,General Worker,More than 5years,3,3,4,2,3,1,3,3,2,2,2,1,2,1,1,2,1,1,1,2,3,4,2,3,2,2,4
2023/04/21 6:03:25 pm GMT+8,Male,50-59years,Master's Degree,Top Level Manager,More than 5years,4,4,5,4,5,4,5,4,5,5,5,5,5,5,5,5,5,5,5,4,5,5,5,5,5,5,5
2023/04/21 6:15:22 pm GMT+8,Male,30- 39years,Bachelor Degree,General Worker,More than 5years,4,4,4,4,4,1,4,4,3,4,3,4,3,3,3,5,4,4,4,3,4,4,3,4,4,4,4
2023/04/21 7:04:51 pm GMT+8,Male,30- 39years,Bachelor Degree,General Worker,Less than a year,1,1,5,1,1,5,4,3,1,1,5,4,1,1,1,3,3,4,4,1,5,5,4,1,2,1,1
2023/04/21 7:23:39 pm GMT+8,Female,30- 39years,Master's Degree,Supervisor,3-5yaers,4,5,3,4,2,2,3,3,3,4,1,1,3,2,4,2,3,4,2,4,5,4,4,4,5,4,4
2023/04/21 8:17:19 pm GMT+8,Female,20- 29years,Bachelor Degree,General Worker,1-3years,1,1,2,2,2,2,2,3,3,2,2,2,2,2,2,2,3,2,3,2,2,2,2,1,2,3,2
2023/04/21 11:49:58 pm GMT+8,Male,20- 29years,Bachelor Degree,General Worker,1-3years,4,4,3,4,3,4,5,5,5,4,5,4,4,3,4,4,5,5,4,4,5,5,4,4,4,5,4
2023/04/21 11:58:27 pm GMT+8,Male,20- 29years,High School Certificate,General Worker,1-3years,5,5,5,5,5,5,4,4,5,5,5,5,5,3,5,5,4,4,4,5,5,4,4,4,5,5,4
2023/04/22 12:19:46 am GMT+8,Male,30- 39years,Diploma,Middle Manager,More than 5years,5,2,2,3,3,3,2,1,3,5,4,4,3,4,2,4,3,5,5,4,4,5,2,4,3,4,4
2023/04/22 12:44:51 am GMT+8,Male,30- 39years,Diploma,Middle Manager,More than 5years,5,2,2,3,3,3,2,1,3,5,4,4,3,4,2,4,3,5,5,4,4,5,2,4,3,4,4
2023/04/22 1:18:36 am GMT+8,Male,30- 39years,Diploma,Middle Manager,More than 5years,5,2,2,3,3,3,2,1,3,5,4,4,3,4,2,4,3,5,5,4,4,5,2,4,3,4,4
2023/04/22 5:58:00 pm GMT+8,Male,30- 39years,Master's Degree,General Worker,More than 5years,4,4,4,4,4,4,4,2,4,4,3,2,4,4,3,4,3,4,4,4,4,3,3,4,4,4,4
2023/04/22 6:21:11 pm GMT+8,Female,20- 29years,Post High School Certificate,General Worker,1-3years,4,4,4,3,4,3,2,4,3,4,4,5,4,4,4,3,4,4,4,3,5,5,4,4,3,4,4
2023/04/22 9:11:40 pm GMT+8,Female,40- 49years,Ph.D.,General Worker,1-3years,4,3,3,2,3,2,3,3,2,4,4,2,3,4,4,3,2,2,3,4,4,4,3,4,3,4,5
2023/04/23 3:10:26 am GMT+8,Male,40- 49years,Post High School Certificate,Supervisor,3-5yaers,3,3,3,4,3,4,3,3,4,3,3,3,3,4,2,4,4,4,4,4,3,3,4,2,3,2,1
2023/04/23 3:14:39 am GMT+8,Male,20- 29years,Diploma,Middle Manager,More than 5years,3,4,4,3,3,3,3,3,2,3,2,5,3,2,1,2,2,2,3,1,3,2,3,3,3,2,4
2023/04/23 3:18:12 am GMT+8,Female,40- 49years,High School Certificate,General Worker,More than 5years,2,2,2,2,2,2,2,2,3,4,2,2,2,3,4,3,2,4,2,2,2,2,3,3,3,3,2
2023/04/23 4:03:43 am GMT+8,Female,30- 39years,Diploma,General Worker,More than 5years,2,4,4,2,2,2,2,2,2,2,2,2,2,2,2,2,2,1,1,2,3,3,4,2,2,2,1
2023/04/23 11:16:59 am GMT+8,Female,30- 39years,Bachelor Degree,General Worker,Less than a year,3,3,5,3,5,3,3,3,3,3,5,5,3,3,3,5,5,3,3,3,5,5,5,3,3,3,3
2023/04/23 4:17:56 pm GMT+8,Female,50-59years,Bachelor Degree,Middle Manager,3-5yaers,4,4,4,1,3,4,3,3,3,4,4,3,2,5,5,4,3,4,5,5,4,4,3,3,4,3,1
2023/04/23 4:20:41 pm GMT+8,Female,30- 39years,Post High School Certificate,Middle Manager,3-5yaers,5,4,5,5,4,4,4,5,4,5,1,4,4,4,5,4,4,4,4,4,4,4,4,3,4,4,4
2023/04/23 4:32:07 pm GMT+8,Male,20- 29years,High School Certificate,General Worker,Less than a year,1,1,1,1,1,1,1,1,1,1,1,1,1,1,1,1,1,1,1,1,1,1,1,1,1,1,1
2023/04/23 4:37:19 pm GMT+8,Male,30- 39years,Post High School Certificate,General Worker,1-3years,2,2,2,2,2,2,2,2,2,2,2,2,2,2,2,2,2,2,2,2,2,2,2,2,2,2,2
2023/04/23 4:41:13 pm GMT+8,Male,40- 49years,Diploma,Supervisor,3-5yaers,3,3,3,3,3,3,3,3,3,3,3,3,3,3,3,3,3,3,3,3,3,3,3,3,3,3,3
2023/04/23 4:45:54 pm GMT+8,Male,40- 49years,Bachelor Degree,Middle Manager,3-5yaers,4,4,4,4,4,4,4,4,4,4,4,4,4,4,4,4,4,4,4,4,4,4,4,4,4,4,4
2023/04/23 5:04:21 pm GMT+8,Male,40- 49years,Diploma,General Worker,3-5yaers,3,2,5,2,4,4,5,2,4,3,4,5,4,2,3,2,4,3,3,3,3,4,2,3,5,5,2
2023/04/23 8:28:18 pm GMT+8,Male,50-59years,Diploma,Supervisor,1-3years,3,5,2,3,4,3,3,2,1,3,4,3,2,1,4,5,4,1,3,4,3,5,2,2,1,5,5
2023/04/23 8:33:16 pm GMT+8,Female,20- 29years,Diploma,Middle Manager,More than 5years,4,2,1,4,2,3,4,1,4,2,4,1,4,5,1,2,4,4,3,5,5,1,3,3,1,5,2
2023/04/23 8:35:48 pm GMT+8,Female,50-59years,Master's Degree,Supervisor,3-5yaers,4,2,1,3,4,4,5,3,2,2,3,3,4,5,4,2,4,1,1,4,1,4,5,2,4,3,2
2023/04/23 8:38:16 pm GMT+8,Female,30- 39years,Post High School Certificate,Middle Manager,1-3years,5,4,2,2,4,5,2,1,5,4,2,4,1,5,3,4,2,2,4,4,5,1,1,2,2,5,3
2023/04/23 8:41:09 pm GMT+8,Male,30- 39years,Diploma,Top Level Manager,3-5yaers,4,2,1,3,1,3,4,5,2,1,5,4,4,2,1,1,4,4,1,5,2,4,1,2,4,1,5
2023/04/23 10:17:28 pm GMT+8,Female,30- 39years,Diploma,Middle Manager,3-5yaers,3,3,5,3,3,4,3,4,4,4,4,4,4,4,4,4,4,4,4,4,4,4,4,4,4,4,4
2023/04/23 10:45:22 pm GMT+8,Female,50-59years,Master's Degree,Top Level Manager,More than 5years,4,4,5,5,5,4,4,4,5,4,5,5,5,5,5,5,5,5,5,5,5,5,5,5,5,5,5
2023/04/23 11:11:34 pm GMT+8,Male,20- 29years,Bachelor Degree,Middle Manager,1-3years,5,5,3,3,3,3,4,5,5,4,4,2,3,5,5,5,5,5,5,4,4,5,5,5,4,4,5
2023/04/23 11:52:23 pm GMT+8,Male,30- 39years,Master's Degree,Top Level Manager,More than 5years,5,4,4,4,4,5,5,5,5,5,5,5,5,5,5,5,4,5,5,5,4,5,4,4,5,5,4
2023/04/23 11:54:38 pm GMT+8,Male,50-59years,Ph.D.,Top Level Manager,More than 5years,5,5,5,5,5,5,5,5,5,5,5,5,5,5,5,5,5,5,5,5,5,5,5,5,5,5,5
2023/04/23 11:57:41 pm GMT+8,Female,40- 49years,Bachelor Degree,Middle Manager,3-5yaers,4,4,4,4,4,4,4,4,4,4,4,4,4,4,4,3,4,4,4,4,4,4,4,4,4,3,3
2023/04/24 12:12:05 am GMT+8,Female,30- 39years,Bachelor Degree,Supervisor,3-5yaers,4,4,4,3,1,1,3,3,5,2,3,3,3,4,4,3,5,5,5,5,5,4,4,5,4,4,4
2023/04/24 6:51:43 pm GMT+8,Female,20- 29years,Diploma,Supervisor,3-5yaers,2,2,2,2,2,2,2,2,2,2,2,2,2,2,2,2,2,2,2,2,3,2,2,2,2,2,2
2023/04/25 12:37:54 am GMT+8,Female,30- 39years,Bachelor Degree,Supervisor,3-5yaers,3,3,3,3,3,3,3,3,3,3,3,4,3,3,3,3,3,3,3,3,3,3,3,3,3,3,3
2023/04/25 12:47:43 am GMT+8,Male,50-59years,Master's Degree,Top Level Manager,More than 5years,4,3,4,4,4,4,3,4,4,4,4,4,5,4,4,4,4,4,2,4,4,4,3,4,4,4,4
2023/04/25 5:57:51 am GMT+8,Female,30- 39years,Bachelor Degree,General Worker,Less than a year,4,4,4,4,4,3,4,3,4,4,4,3,4,4,4,3,4,4,4,3,4,4,5,4,4,4,4
2023/04/25 4:48:14 pm GMT+8,Male,20- 29years,Master's Degree,General Worker,3-5yaers,1,1,1,1,1,1,1,1,1,1,1,1,1,1,1,1,1,1,1,1,1,5,2,1,1,1,1
2023/04/25 6:56:25 pm GMT+8,Male,20- 29years,Bachelor Degree,General Worker,1-3years,4,5,3,4,5,3,4,4,5,4,3,4,2,4,4,5,4,4,5,4,5,4,4,4,5,5,4
2023/04/25 11:17:54 pm GMT+8,Male,30- 39years,Diploma,Middle Manager,3-5yaers,4,1,3,2,3,3,4,4,4,4,4,4,4,4,4,4,4,4,4,4,2,4,4,3,3,4,4
2023/04/25 11:20:38 pm GMT+8,Female,40- 49years,Bachelor Degree,Supervisor,More than 5years,5,4,4,4,4,3,4,4,4,4,4,4,4,4,4,4,4,4,4,4,4,4,4,4,4,4,4
2023/04/25 11:23:12 pm GMT+8,Male,40- 49years,Bachelor Degree,Supervisor,3-5yaers,4,4,3,5,3,3,3,4,4,4,4,4,4,4,4,4,3,4,4,4,4,3,3,4,3,3,4
2023/04/25 11:26:00 pm GMT+8,Male,50-59years,Master's Degree,Top Level Manager,More than 5years,4,4,3,2,2,2,3,2,3,3,3,3,3,3,3,3,5,3,3,3,3,2,2,4,3,2,2
2023/04/25 11:28:36 pm GMT+8,Male,20- 29years,Diploma,Middle Manager,3-5yaers,3,2,3,3,3,1,1,1,2,4,4,1,1,1,1,2,1,2,2,3,3,4,3,4,3,3,3
2023/04/25 11:30:50 pm GMT+8,Female,40- 49years,Diploma,Supervisor,More than 5years,5,5,5,5,5,5,5,5,5,5,4,5,4,5,3,5,5,4,4,4,5,4,4,3,4,4,5
2023/04/25 11:32:55 pm GMT+8,Male,40- 49years,Diploma,Supervisor,Less than a year,4,3,4,4,4,4,3,3,5,4,4,4,4,4,4,5,2,2,4,2,4,3,5,3,4,4,3
2023/04/25 11:35:34 pm GMT+8,Female,30- 39years,Post High School Certificate,General Worker,1-3years,4,2,2,2,2,2,2,1,3,2,2,3,3,3,2,2,4,3,2,3,2,3,3,4,4,4,3
2023/04/25 11:37:47 pm GMT+8,Female,40- 49years,Master's Degree,Top Level Manager,3-5yaers,4,3,2,1,3,3,3,2,4,3,2,3,2,2,2,3,3,3,3,3,4,4,2,3,3,3,4
2023/04/25 11:43:16 pm GMT+8,Male,30- 39years,Diploma,Supervisor,3-5yaers,4,2,4,4,3,4,4,5,4,3,2,4,5,4,4,4,4,4,2,4,5,3,3,3,5,2,4
2023/04/26 7:14:58 am GMT+8,Male,30- 39years,Diploma,General Worker,3-5yaers,3,3,3,4,3,3,3,3,3,2,3,3,2,3,3,3,3,3,3,3,3,4,3,3,3,3,2
2023/04/26 7:19:16 am GMT+8,Male,30- 39years,Diploma,General Worker,3-5yaers,4,4,4,4,4,4,4,4,4,4,4,4,4,4,4,4,4,4,4,4,4,4,4,4,4,3,4
2023/04/26 7:22:18 am GMT+8,Male,40- 49years,Bachelor Degree,Supervisor,3-5yaers,5,4,5,5,5,2,5,5,5,5,4,5,5,4,4,4,5,5,5,5,5,5,4,4,4,4,3
2023/04/26 7:28:05 am GMT+8,Female,30- 39years,Bachelor Degree,General Worker,3-5yaers,4,3,2,3,3,2,3,3,3,3,2,2,3,3,3,2,3,3,2,2,2,2,2,2,2,3,2
2023/04/26 12:43:44 pm GMT+8,Female,20- 29years,Bachelor Degree,General Worker,Less than a year,3,5,5,5,4,4,3,4,3,3,3,4,3,3,3,2,3,5,5,4,3,4,4,4,4,4,4
2023/04/27 9:02:02 am GMT+8,Female,20- 29years,Bachelor Degree,General Worker,Less than a year,5,5,5,5,5,5,5,5,5,5,5,5,5,5,5,5,5,5,5,5,5,5,5,3,3,3,3
2023/04/27 11:39:47 pm GMT+8,Male,30- 39years,Bachelor Degree,Supervisor,1-3years,4,4,4,3,4,4,4,4,4,4,4,4,4,4,4,4,4,3,4,4,4,4,4,4,4,3,4
2023/04/27 11:45:33 pm GMT+8,Female,40- 49years,Bachelor Degree,Supervisor,3-5yaers,4,4,5,4,4,3,3,4,4,4,4,5,4,3,4,4,3,4,5,4,2,3,4,4,4,4,4
2023/04/28 12:11:58 am GMT+8,Female,20- 29years,Bachelor Degree,General Worker,Less than a year,4,4,5,4,4,5,4,4,4,5,5,4,4,4,4,4,4,3,4,4,4,4,4,4,4,4,4
2023/04/28 12:55:33 am GMT+8,Female,20- 29years,Bachelor Degree,General Worker,Less than a year,5,5,4,4,4,4,3,4,4,4,5,3,4,5,4,2,4,2,3,4,2,4,5,4,5,4,4
2023/04/28 2:19:00 am GMT+8,Male,40- 49years,Bachelor Degree,Supervisor,3-5yaers,4,4,1,2,4,3,4,4,4,4,4,4,4,3,3,4,4,4,4,4,3,4,4,5,4,4,4
2023/04/28 6:15:00 am GMT+8,Female,20- 29years,High School Certificate,Middle Manager,1-3years,1,1,2,3,1,3,4,3,2,1,2,1,1,1,1,1,1,2,1,2,1,1,1,2,1,1,1
2023/04/28 7:20:04 am GMT+8,Female,20- 29years,Post High School Certificate,General Worker,1-3years,3,4,4,4,4,4,4,4,4,4,4,4,4,4,4,4,4,4,4,4,4,4,4,1,4,4,4
2023/04/28 2:45:50 pm GMT+8,Male,30- 39years,Bachelor Degree,Middle Manager,1-3years,2,2,2,2,2,2,2,2,2,2,3,2,2,2,2,2,2,2,2,2,2,2,2,2,2,2,2
2023/04/28 4:07:22 pm GMT+8,Male,20- 29years,Bachelor Degree,Middle Manager,1-3years,4,4,4,5,5,4,3,4,4,5,4,4,4,4,4,4,4,4,4,4,4,5,4,4,4,4,4
2023/04/28 5:20:54 pm GMT+8,Male,30- 39years,Bachelor Degree,General Worker,1-3years,4,4,5,4,4,3,4,4,4,5,4,4,4,3,3,4,4,4,3,4,4,4,4,4,4,3,3
2023/04/28 5:26:54 pm GMT+8,Male,30- 39years,Bachelor Degree,General Worker,1-3years,4,4,4,4,5,4,4,4,4,4,4,4,4,4,3,4,4,4,4,4,4,4,5,4,3,3,4
2023/04/28 9:20:30 pm GMT+8,Female,20- 29years,High School Certificate,Middle Manager,1-3years,1,1,2,2,1,1,2,1,1,1,2,2,1,1,1,2,1,1,1,1,1,1,1,1,1,1,1
2023/04/29 12:34:54 am GMT+8,Male,30- 39years,High School Certificate,Supervisor,1-3years,2,2,2,2,3,3,3,3,3,5,5,5,5,5,5,4,4,4,4,1,1,1,1,3,3,3,3
2023/04/29 1:52:20 am GMT+8,Female,40- 49years,High School Certificate,General Worker,Less than a year,2,2,3,1,3,4,3,3,2,3,3,3,2,2,3,2,2,2,2,3,3,2,3,2,3,3,3
2023/04/29 1:55:27 am GMT+8,Male,40- 49years,Bachelor Degree,Supervisor,3-5yaers,4,3,3,4,2,3,4,4,4,2,3,5,2,2,3,3,3,3,1,4,4,3,4,2,4,4,3
2023/04/29 1:58:29 am GMT+8,Male,30- 39years,Bachelor Degree,Supervisor,1-3years,3,4,4,4,3,4,3,2,3,2,3,4,4,4,3,2,1,3,3,4,3,4,4,3,3,4,4
2023/04/29 2:01:28 am GMT+8,Male,50-59years,Bachelor Degree,Middle Manager,More than 5years,1,4,4,3,2,4,3,4,4,4,5,4,2,2,2,2,3,3,3,4,4,5,3,2,3,3,5
2023/04/29 2:03:54 am GMT+8,Male,40- 49years,Bachelor Degree,Middle Manager,3-5yaers,4,4,2,3,3,4,4,3,4,4,2,3,3,3,3,3,4,4,3,4,4,4,3,2,5,4,1
2023/04/29 2:06:25 am GMT+8,Male,20- 29years,Diploma,Supervisor,3-5yaers,4,4,4,1,3,3,4,4,3,4,3,4,3,3,2,3,3,3,4,3,3,4,3,4,4,2,3
2023/04/29 2:09:10 am GMT+8,Male,40- 49years,Bachelor Degree,Supervisor,3-5yaers,4,4,3,2,4,4,4,4,4,4,4,5,3,3,4,4,4,3,3,1,4,4,2,3,4,4,4
2023/04/29 2:12:12 am GMT+8,Female,30- 39years,Diploma,Middle Manager,More than 5years,4,4,4,4,4,4,4,5,2,4,3,4,4,4,4,4,4,3,4,4,4,3,3,3,3,3,2
2023/04/29 2:15:10 am GMT+8,Male,20- 29years,High School Certificate,Supervisor,Less than a year,3,5,3,3,5,3,1,2,2,3,3,3,2,3,3,4,2,3,3,3,3,3,2,3,4,3,4
2023/04/29 6:20:42 pm GMT+8,Male,30- 39years,Bachelor Degree,Supervisor,3-5yaers,4,1,5,3,4,4,4,4,4,1,4,4,3,2,4,3,4,4,4,4,3,3,3,4,4,4,4
2023/04/29 10:13:55 pm GMT+8,Male,40- 49years,Master's Degree,Supervisor,More than 5years,3,2,2,3,3,4,3,3,4,4,4,3,3,2,2,3,4,4,3,4,3,3,4,3,3,3,3
2023/04/29 10:31:51 pm GMT+8,Male,20- 29years,Diploma,General Worker,Less than a year,4,4,4,4,5,4,4,4,4,5,5,4,5,5,4,4,4,5,4,5,5,4,5,4,4,4,5
2023/04/30 12:28:28 am GMT+8,Male,50-59years,Master's Degree,Top Level Manager,More than 5years,4,4,4,4,5,5,5,4,4,4,4,4,5,4,4,4,4,4,5,4,4,4,4,4,4,4,4
2023/04/30 12:48:03 am GMT+8,Male,30- 39years,Bachelor Degree,Middle Manager,1-3years,4,4,5,4,4,4,4,4,5,3,4,4,4,4,5,4,4,4,5,4,4,2,2,4,4,4,5
2023/04/30 12:52:12 am GMT+8,Female,40- 49years,Bachelor Degree,Supervisor,3-5yaers,4,4,3,4,2,3,3,4,4,4,4,4,3,4,5,3,4,4,4,4,3,4,3,5,4,4,4
2023/04/30 1:02:47 am GMT+8,Male,40- 49years,Master's Degree,Middle Manager,3-5yaers,4,4,5,4,4,4,3,5,3,4,4,3,4,2,4,4,4,2,4,4,4,4,4,4,5,4,5
2023/04/30 3:24:39 am GMT+8,Male,30- 39years,Bachelor Degree,General Worker,More than 5years,4,5,3,3,3,3,2,3,4,3,3,3,2,3,2,4,2,4,4,2,4,3,3,2,2,2,2
2023/04/30 3:27:06 am GMT+8,Female,20- 29years,Bachelor Degree,General Worker,Less than a year,5,5,4,5,5,5,5,5,5,5,5,5,5,5,5,5,5,5,5,4,4,4,4,5,4,4,5
2023/04/30 3:28:53 am GMT+8,Female,30- 39years,Diploma,General Worker,3-5yaers,2,2,3,3,3,2,2,4,1,2,3,2,2,1,2,2,2,3,2,2,4,4,2,2,2,3,2
2023/04/30 3:42:48 am GMT+8,Male,30- 39years,Ph.D.,Middle Manager,More than 5years,4,4,4,4,4,3,3,3,3,3,4,3,3,3,3,3,3,3,4,5,5,2,5,4,3,3,4
2023/04/30 3:44:28 am GMT+8,Male,30- 39years,Bachelor Degree,General Worker,3-5yaers,4,5,5,5,4,4,5,4,5,4,4,4,4,5,5,5,5,5,5,4,5,5,4,4,5,5,5
2023/04/30 3:47:44 am GMT+8,Male,30- 39years,High School Certificate,Supervisor,More than 5years,1,2,3,4,2,3,4,5,1,3,4,5,1,2,3,4,5,1,2,1,5,2,4,2,5,1,2
2023/04/30 3:48:15 am GMT+8,Male,30- 39years,Master's Degree,Middle Manager,3-5yaers,3,1,1,1,1,3,2,5,4,1,1,3,2,1,3,2,5,2,3,3,2,2,2,5,1,3,3
2023/04/30 3:56:11 am GMT+8,Female,20- 29years,Diploma,General Worker,1-3years,4,5,4,4,4,4,5,4,5,4,4,4,4,4,5,4,4,5,5,4,4,4,5,4,5,5,5
2023/04/30 4:20:00 am GMT+8,Female,30- 39years,Bachelor Degree,Supervisor,1-3years,4,4,4,4,5,2,3,4,4,4,3,1,2,4,4,3,3,2,1,3,4,4,4,4,4,4,4
2023/04/30 4:27:27 am GMT+8,Male,30- 39years,Bachelor Degree,General Worker,More than 5years,5,5,5,5,4,4,4,4,5,5,4,5,4,4,4,5,5,5,3,5,4,5,4,5,5,5,5
2023/04/30 4:32:55 am GMT+8,Male,30- 39years,Bachelor Degree,Supervisor,1-3years,3,2,1,3,3,4,3,3,2,1,4,4,3,2,2,3,4,3,4,3,5,4,5,3,3,3,1
2023/04/30 4:41:05 am GMT+8,Female,20- 29years,Bachelor Degree,General Worker,1-3years,3,3,4,4,3,4,4,3,4,5,5,3,4,3,3,3,4,3,4,4,3,4,4,3,3,3,3
2023/04/30 4:43:53 am GMT+8,Male,30- 39years,Diploma,Supervisor,3-5yaers,4,3,5,3,2,1,5,2,1,2,3,2,4,1,5,2,1,5,2,3,4,4,4,5,4,2,2
2023/04/30 4:47:16 am GMT+8,Male,20- 29years,Bachelor Degree,Supervisor,More than 5years,4,3,4,3,4,2,3,2,4,3,4,3,2,1,4,2,2,3,2,4,4,4,4,4,2,4,1
2023/04/30 4:53:56 am GMT+8,Male,30- 39years,Bachelor Degree,Supervisor,1-3years,5,5,4,4,5,5,5,5,5,4,3,3,4,3,4,3,4,3,3,5,4,5,5,5,4,4,5
2023/04/30 5:10:50 am GMT+8,Male,30- 39years,Bachelor Degree,Middle Manager,More than 5years,5,5,5,5,3,2,4,2,2,4,2,2,2,4,2,3,1,3,2,4,4,4,4,3,2,2,2
2023/04/30 5:10:59 am GMT+8,Male,20- 29years,Bachelor Degree,General Worker,Less than a year,4,4,4,4,4,4,4,4,4,4,4,4,4,4,4,4,4,4,4,4,4,4,4,4,4,4,4
2023/04/30 5:28:10 am GMT+8,Female,20- 29years,Bachelor Degree,General Worker,1-3years,5,4,3,4,3,5,3,3,3,3,4,3,3,3,4,4,3,3,3,4,4,4,4,4,4,5,5
2023/04/30 5:43:54 am GMT+8,Male,30- 39years,Bachelor Degree,Top Level Manager,More than 5years,2,3,3,4,5,5,3,2,3,4,3,3,3,3,4,3,2,2,3,2,3,4,2,2,3,3,4
2023/04/30 5:46:05 am GMT+8,Male,30- 39years,Bachelor Degree,General Worker,1-3years,4,4,4,3,5,4,3,4,4,3,4,5,3,4,4,5,3,3,4,4,4,5,4,4,4,4,4
2023/04/30 5:50:09 am GMT+8,Male,30- 39years,Diploma,General Worker,1-3years,4,5,4,4,4,4,5,4,4,4,5,4,4,5,4,4,4,5,4,5,4,4,5,5,5,4,5
2023/04/30 5:54:34 am GMT+8,Male,30- 39years,Bachelor Degree,General Worker,1-3years,1,4,4,4,2,3,4,4,5,4,4,3,4,4,4,4,4,4,4,3,4,4,3,2,4,4,4
2023/04/30 7:13:51 am GMT+8,Female,30- 39years,Master's Degree,Top Level Manager,3-5yaers,3,3,3,3,4,3,5,4,3,4,5,4,3,3,4,3,3,3,4,4,4,4,4,4,3,3,3
2023/04/30 7:39:35 am GMT+8,Male,30- 39years,Bachelor Degree,Middle Manager,More than 5years,3,3,3,2,3,4,4,3,3,3,3,3,3,3,3,3,3,4,3,3,4,4,4,4,3,3,2
2023/04/30 1:19:24 pm GMT+8,Female,20- 29years,Diploma,General Worker,3-5yaers,3,4,2,2,2,2,2,1,1,4,3,4,2,4,1,1,4,1,1,2,2,2,2,2,2,2,2
2023/04/30 3:06:55 pm GMT+8,Female,20- 29years,Bachelor Degree,General Worker,1-3years,5,5,4,4,4,4,4,4,5,5,4,5,4,4,4,4,5,4,4,4,4,4,4,3,4,4,4
2023/04/30 3:17:17 pm GMT+8,Female,30- 39years,Bachelor Degree,General Worker,Less than a year,4,3,4,4,4,5,5,3,3,2,4,2,2,3,4,4,4,4,2,2,4,4,4,4,4,3,4
2023/04/30 3:19:31 pm GMT+8,Male,20- 29years,Bachelor Degree,General Worker,Less than a year,2,1,1,1,3,2,2,2,2,2,2,1,1,1,2,1,2,1,3,3,3,3,3,2,2,2,1
2023/04/30 4:16:49 pm GMT+8,Female,30- 39years,High School Certificate,General Worker,More than 5years,4,4,4,4,5,4,5,5,5,4,5,4,5,4,4,4,5,4,4,4,4,4,4,5,5,5,5
2023/04/30 5:28:22 pm GMT+8,Female,30- 39years,Diploma,General Worker,Less than a year,5,5,5,5,5,5,4,3,5,5,5,5,4,5,5,5,5,5,5,5,5,4,4,4,4,4,5
2023/04/30 6:48:27 pm GMT+8,Male,30- 39years,Bachelor Degree,Supervisor,1-3years,4,4,4,4,4,3,4,5,4,3,3,2,1,1,4,1,1,2,2,3,4,3,4,3,3,3,3
2023/04/30 10:15:22 pm GMT+8,Female,30- 39years,Master's Degree,General Worker,More than 5years,4,4,3,4,3,4,3,3,3,3,4,3,3,3,3,4,3,4,4,3,3,3,4,4,4,4,4
2023/04/30 11:53:53 pm GMT+8,Male,30- 39years,Diploma,General Worker,Less than a year,4,4,5,4,1,4,3,4,4,5,4,4,4,4,4,3,4,4,4,5,4,3,4,5,2,4,3
2023/04/30 11:56:25 pm GMT+8,Female,40- 49years,Bachelor Degree,Supervisor,3-5yaers,4,3,4,4,5,5,2,3,5,3,4,4,5,3,4,4,4,4,5,2,5,4,4,3,3,3,3
2023/04/30 11:58:46 pm GMT+8,Male,40- 49years,Post High School Certificate,Supervisor,3-5yaers,2,5,1,2,4,5,3,4,4,4,4,4,3,4,5,4,3,3,5,4,5,3,3,3,3,2,5
2023/05/01 12:01:33 am GMT+8,Female,30- 39years,Post High School Certificate,Supervisor,1-3years,4,4,3,4,3,4,4,4,4,4,4,4,4,4,4,4,4,4,4,4,4,4,4,4,2,4,5
2023/05/01 12:04:16 am GMT+8,Male,40- 49years,Master's Degree,Top Level Manager,More than 5years,5,5,5,3,5,5,5,5,5,5,5,5,5,5,5,5,5,5,5,5,5,5,4,4,4,5,4
2023/05/01 12:06:38 am GMT+8,Male,50-59years,Bachelor Degree,Middle Manager,More than 5years,5,5,5,4,3,4,5,5,3,3,3,1,3,4,5,4,4,4,4,4,4,3,4,3,4,4,3
2023/05/01 12:09:37 am GMT+8,Male,30- 39years,Diploma,Supervisor,3-5yaers,4,2,3,4,4,4,5,4,3,5,4,3,3,4,4,5,4,4,5,4,3,4,3,4,4,5,3
2023/05/01 12:12:16 am GMT+8,Male,40- 49years,Bachelor Degree,Supervisor,3-5yaers,5,4,4,3,5,5,5,1,2,4,4,5,4,5,5,3,3,5,4,4,5,5,4,4,4,4,3
2023/05/01 12:16:00 am GMT+8,Female,40- 49years,Master's Degree,Supervisor,3-5yaers,2,4,5,4,5,4,3,5,4,3,4,5,4,4,4,4,4,4,4,4,4,4,3,4,5,4,3
2023/05/01 12:28:30 am GMT+8,Male,30- 39years,Diploma,Supervisor,3-5yaers,4,4,3,1,4,3,4,4,3,5,4,4,4,3,4,4,5,5,5,4,5,4,4,3,4,4,4
2023/05/01 12:33:34 am GMT+8,Female,40- 49years,Master's Degree,Middle Manager,More than 5years,5,5,4,4,4,4,4,4,4,4,4,4,4,4,4,4,4,4,4,4,4,4,4,5,5,5,5
2023/05/01 2:08:32 am GMT+8,Male,20- 29years,Bachelor Degree,General Worker,1-3years,3,3,2,4,3,3,2,3,3,2,4,2,1,1,2,2,3,2,3,3,3,3,3,2,3,3,3
2023/05/01 9:13:14 am GMT+8,Female,20- 29years,Bachelor Degree,Supervisor,1-3years,2,1,1,3,1,1,1,1,2,1,1,2,2,2,1,1,1,1,2,2,1,1,2,2,2,1,1
2023/05/01 2:32:00 pm GMT+8,Male,30- 39years,Bachelor Degree,Middle Manager,More than 5years,4,4,5,3,5,4,3,4,4,5,5,4,3,4,3,4,4,3,4,3,5,4,3,3,4,4,3
2023/05/01 2:46:52 pm GMT+8,Male,30- 39years,Master's Degree,General Worker,1-3years,5,5,5,5,4,4,5,5,4,5,4,4,4,4,4,4,5,4,4,4,4,5,5,4,4,4,4
2023/05/01 3:38:28 pm GMT+8,Male,20- 29years,Diploma,General Worker,3-5yaers,4,4,4,4,5,4,4,4,4,5,5,3,4,4,4,3,3,4,3,4,4,5,4,4,4,4,4
2023/05/01 3:41:34 pm GMT+8,Male,50-59years,Bachelor Degree,Middle Manager,More than 5years,3,3,3,4,4,4,4,4,4,3,4,4,3,4,3,3,3,3,4,4,4,5,4,4,4,4,5
2023/05/01 11:01:40 pm GMT+8,Female,40- 49years,Ph.D.,Top Level Manager,Less than a year,2,4,1,3,3,1,5,4,1,4,3,4,5,4,3,4,5,1,2,3,2,3,2,3,2,1,5
2023/05/01 11:04:50 pm GMT+8,Female,20- 29years,Bachelor Degree,Middle Manager,More than 5years,2,1,4,3,1,2,4,3,4,3,5,1,1,3,2,2,4,4,5,3,4,3,4,3,5,1,4
2023/05/01 11:06:48 pm GMT+8,Female,30- 39years,Ph.D.,Supervisor,Less than a year,1,1,5,2,2,3,2,4,4,4,3,4,5,3,1,2,3,3,3,1,1,3,3,2,4,2,5
2023/05/01 11:08:47 pm GMT+8,Female,20- 29years,Diploma,General Worker,More than 5years,2,2,4,4,4,3,5,4,2,4,2,4,3,1,5,4,4,3,2,1,4,4,4,2,5,2,2
2023/05/01 11:12:47 pm GMT+8,Female,40- 49years,Diploma,Top Level Manager,Less than a year,5,1,5,3,3,1,5,3,1,2,5,2,4,4,5,4,5,1,5,2,2,2,2,3,2,4,2
2023/05/01 11:14:49 pm GMT+8,Female,20- 29years,Master's Degree,Supervisor,Less than a year,1,1,5,3,4,3,2,4,1,3,4,1,3,3,5,1,2,2,3,5,1,3,2,2,2,4,2
2023/05/01 11:17:12 pm GMT+8,Female,30- 39years,Master's Degree,Top Level Manager,3-5yaers,1,5,1,2,1,5,4,3,5,2,5,5,2,3,1,3,5,3,4,5,5,5,2,1,1,1,5
2023/05/01 11:55:41 pm GMT+8,Female,20- 29years,Diploma,General Worker,Less than a year,2,2,3,2,3,3,2,3,3,3,3,3,3,3,3,3,2,3,3,4,3,4,4,3,3,3,3
2023/05/02 12:01:29 am GMT+8,Female,50-59years,Master's Degree,Top Level Manager,More than 5years,5,1,3,3,1,4,1,5,2,1,2,2,4,2,4,4,2,5,3,3,5,3,2,1,3,4,5
2023/05/02 12:04:14 am GMT+8,Female,50-59years,Master's Degree,Supervisor,Less than a year,5,5,2,1,4,5,1,5,5,4,2,1,5,4,3,2,1,3,4,4,3,4,1,4,5,3,3
2023/05/02 12:06:57 am GMT+8,Female,20- 29years,Ph.D.,Middle Manager,More than 5years,5,3,2,3,5,4,3,4,5,2,1,3,4,1,1,5,4,4,5,4,5,3,5,5,3,5,2
2023/05/02 12:09:20 am GMT+8,Female,30- 39years,Post High School Certificate,General Worker,1-3years,2,4,3,1,3,4,3,4,5,4,5,2,3,3,5,2,4,4,1,3,2,3,1,5,4,4,5
2023/05/02 12:11:35 am GMT+8,Female,20- 29years,Diploma,Supervisor,More than 5years,5,3,1,4,4,4,3,1,3,3,1,4,5,3,3,1,3,4,5,5,5,2,2,3,2,3,2
2023/05/02 12:15:15 am GMT+8,Female,40- 49years,Bachelor Degree,General Worker,3-5yaers,5,1,3,4,5,4,1,2,2,4,3,3,5,3,1,4,5,2,5,5,3,2,2,2,5,4,3
2023/05/02 1:24:54 am GMT+8,Male,40- 49years,Bachelor Degree,Middle Manager,3-5yaers,4,3,4,3,1,4,4,3,1,4,4,3,4,4,4,4,4,4,4,4,4,2,3,4,4,4,4
2023/05/02 1:28:19 am GMT+8,Male,30- 39years,Master's Degree,Top Level Manager,More than 5years,2,4,4,3,4,4,2,3,4,4,4,4,4,3,3,4,3,4,4,4,4,4,4,4,4,4,4
2023/05/02 1:35:22 am GMT+8,Male,50-59years,Bachelor Degree,Middle Manager,More than 5years,4,4,4,4,4,4,4,4,4,4,4,4,4,4,3,4,3,4,4,4,5,4,3,4,4,3,2
2023/05/02 1:37:40 am GMT+8,Male,40- 49years,Bachelor Degree,Supervisor,3-5yaers,1,4,4,3,4,5,4,4,4,4,4,4,5,4,4,4,2,4,4,4,3,4,2,4,4,4,4
2023/05/02 1:40:10 am GMT+8,Female,30- 39years,Diploma,Supervisor,1-3years,4,4,4,4,4,5,4,4,4,5,4,4,4,4,3,4,4,4,4,4,4,4,4,4,4,4,4
2023/05/02 1:42:44 am GMT+8,Female,30- 39years,Post High School Certificate,General Worker,1-3years,4,4,4,4,4,2,1,3,4,4,4,4,3,3,5,4,5,4,3,4,5,3,3,3,4,3,4
2023/05/02 4:24:25 am GMT+8,Male,50-59years,Master's Degree,Middle Manager,More than 5years,4,4,4,4,4,4,4,4,4,5,5,5,5,5,5,4,4,4,4,4,4,4,4,4,4,4,4
2023/05/02 4:27:49 am GMT+8,Female,20- 29years,High School Certificate,General Worker,1-3years,4,4,4,4,5,5,5,5,5,4,4,4,5,5,5,4,4,4,4,4,5,4,4,4,4,4,4
2023/05/02 4:33:47 am GMT+8,Male,30- 39years,Bachelor Degree,Supervisor,3-5yaers,4,4,4,4,4,4,4,4,4,4,4,4,4,4,4,4,4,4,4,4,5,5,4,3,3,3,3
2023/05/02 4:38:52 am GMT+8,Female,30- 39years,Bachelor Degree,General Worker,1-3years,4,4,4,4,4,4,4,4,4,4,4,4,4,4,4,4,4,4,4,3,4,4,4,3,3,3,3
2023/05/02 4:43:54 am GMT+8,Female,50-59years,Bachelor Degree,Supervisor,More than 5years,4,4,3,3,3,3,3,3,3,3,2,2,3,3,3,2,2,3,3,3,3,4,3,3,3,3,3
2023/05/02 5:07:54 am GMT+8,Male,20- 29years,High School Certificate,General Worker,Less than a year,4,4,4,4,4,4,4,4,4,4,4,4,4,4,4,4,4,4,4,3,3,3,4,4,4,4,4
2023/05/02 8:26:03 am GMT+8,Male,30- 39years,Bachelor Degree,General Worker,Less than a year,4,4,4,4,4,4,4,4,4,4,4,4,4,4,4,4,4,4,4,4,5,4,4,4,4,4,4
2023/05/02 11:55:06 am GMT+8,Female,30- 39years,Bachelor Degree,Middle Manager,1-3years,3,4,3,3,3,3,4,3,4,3,4,3,3,3,3,3,3,3,4,3,3,3,3,3,4,3,3
2023/05/02 11:56:35 am GMT+8,Male,20- 29years,Diploma,Middle Manager,3-5yaers,4,4,4,3,3,3,3,4,4,3,3,2,2,3,3,3,3,3,3,4,4,3,3,3,3,3,3
2023/05/02 11:58:12 am GMT+8,Male,40- 49years,Diploma,Top Level Manager,3-5yaers,5,5,5,4,5,5,5,5,5,4,4,4,3,3,4,5,4,3,3,5,3,3,4,5,5,3,3
2023/05/02 12:00:21 pm GMT+8,Female,30- 39years,Master's Degree,Supervisor,More than 5years,3,3,3,4,3,2,4,3,3,4,4,3,4,4,4,5,4,4,4,4,4,4,4,4,4,4,4
2023/05/02 12:03:12 pm GMT+8,Female,50-59years,Master's Degree,Middle Manager,More than 5years,4,4,4,4,4,4,4,5,4,5,5,5,5,5,4,4,4,4,4,4,4,4,4,4,4,4,4
2023/05/02 12:04:58 pm GMT+8,Female,50-59years,Bachelor Degree,Middle Manager,1-3years,5,4,5,4,4,5,4,4,5,4,4,5,5,4,4,5,4,5,4,5,4,4,4,5,4,4,5
2023/05/02 12:06:24 pm GMT+8,Male,20- 29years,Diploma,General Worker,1-3years,4,4,4,4,4,4,4,4,4,4,4,4,4,4,4,4,4,4,4,4,4,4,4,4,4,4,4
2023/05/02 12:07:43 pm GMT+8,Female,30- 39years,Post High School Certificate,General Worker,More than 5years,3,3,3,3,3,3,3,3,3,3,3,3,3,3,3,3,3,3,3,3,3,3,3,3,3,3,3
2023/05/02 12:08:33 pm GMT+8,Male,30- 39years,Master's Degree,Supervisor,3-5yaers,2,4,3,4,4,5,5,3,5,3,5,4,4,5,4,3,4,4,5,5,4,3,3,5,5,4,4
2023/05/02 12:09:13 pm GMT+8,Male,30- 39years,Bachelor Degree,Middle Manager,3-5yaers,4,5,5,4,4,5,4,4,4,4,4,4,4,4,4,4,5,4,4,5,4,4,4,4,4,4,4
2023/05/02 12:10:43 pm GMT+8,Male,40- 49years,Bachelor Degree,Supervisor,More than 5years,4,4,4,4,4,4,4,4,5,5,4,4,5,4,4,5,4,4,5,4,4,4,4,4,4,4,4
2023/05/02 12:11:17 pm GMT+8,Female,50-59years,Ph.D.,Top Level Manager,More than 5years,4,4,5,3,5,3,4,5,5,5,4,5,4,5,4,4,5,5,4,5,5,5,5,4,3,5,3
2023/05/02 12:12:03 pm GMT+8,Female,40- 49years,Diploma,Middle Manager,More than 5years,4,4,4,4,4,4,4,4,4,4,4,4,4,5,5,5,5,5,5,4,4,4,4,4,4,5,4
2023/05/02 12:13:29 pm GMT+8,Female,20- 29years,Bachelor Degree,Middle Manager,1-3years,4,3,5,4,4,5,3,5,5,5,4,5,4,3,5,3,4,3,5,4,4,5,2,5,4,4,5
2023/05/02 12:13:43 pm GMT+8,Female,40- 49years,Ph.D.,Top Level Manager,More than 5years,5,5,5,5,5,5,5,5,5,5,5,5,5,5,5,5,5,5,5,5,4,4,4,4,5,4,5
2023/05/02 12:17:41 pm GMT+8,Female,30- 39years,Bachelor Degree,General Worker,3-5yaers,4,5,4,5,3,4,5,4,5,4,5,4,5,5,4,4,5,5,4,4,4,5,2,4,4,4,5
2023/05/02 12:23:57 pm GMT+8,Male,40- 49years,Master's Degree,Middle Manager,More than 5years,4,3,5,5,5,5,3,4,5,4,5,5,4,4,4,2,4,4,5,4,4,5,4,4,4,4,5
2023/05/02 5:30:07 pm GMT+8,Male,20- 29years,Bachelor Degree,General Worker,1-3years,5,5,5,5,4,4,4,5,5,5,4,4,4,4,4,4,4,4,5,5,4,5,5,5,5,5,5
2023/05/02 5:56:47 pm GMT+8,Male,40- 49years,Bachelor Degree,General Worker,More than 5years,3,3,4,4,2,3,3,3,2,3,3,3,4,3,3,4,3,2,2,3,3,1,1,2,3,3,3
2023/05/03 3:18:22 am GMT+8,Male,20- 29years,Bachelor Degree,Supervisor,1-3years,5,4,3,5,5,5,5,3,4,5,5,3,3,3,4,3,4,3,3,3,4,4,4,4,4,4,4
2023/05/03 1:16:23 pm GMT+8,Female,30- 39years,Post High School Certificate,Middle Manager,More than 5years,4,4,3,1,4,5,3,4,4,3,4,3,3,4,2,4,4,4,3,1,4,3,4,2,5,1,4
2023/05/03 1:38:21 pm GMT+8,Male,20- 29years,Diploma,Supervisor,1-3years,2,3,4,4,2,3,4,4,4,2,4,4,4,3,3,3,5,4,3,3,4,4,4,3,4,3,4
2023/05/03 1:46:11 pm GMT+8,Male,40- 49years,Master's Degree,Supervisor,3-5yaers,3,3,5,3,5,3,4,4,4,4,4,4,2,3,3,3,4,5,4,4,4,4,4,4,4,4,4
2023/05/03 2:05:22 pm GMT+8,Male,30- 39years,Diploma,General Worker,Less than a year,4,3,4,3,4,4,3,4,5,4,4,4,3,3,5,4,3,4,2,4,4,1,4,4,4,4,3
2023/05/03 2:09:23 pm GMT+8,Male,40- 49years,Bachelor Degree,Middle Manager,1-3years,3,4,5,3,4,4,4,4,3,4,4,4,3,3,3,1,3,4,5,4,5,2,4,4,4,4,4
2023/05/03 8:40:44 pm GMT+8,Male,20- 29years,Diploma,General Worker,1-3years,4,4,4,4,4,4,4,4,4,4,4,4,4,4,4,4,4,4,4,3,4,4,3,4,4,4,4
2023/05/03 8:50:20 pm GMT+8,Male,20- 29years,Diploma,General Worker,Less than a year,3,3,3,3,4,3,3,3,3,4,4,4,4,4,4,3,4,4,3,3,3,4,4,4,4,4,4
